ph,ec,protein,turbidity,scc,timestamp,is_demo,milk_quality,action_needed
6.52,508,3.16,2,184732,2025-05-07 11:17:41,True,Negative,Safe to use
6.65,501,3.47,1,169996,2025-05-07 11:17:46,True,Negative,Safe to use
6.56,499,3.26,1,108352,2025-05-07 11:17:51,True,Negative,Safe to use
6.75,450,3.27,2,168728,2025-05-07 11:17:56,True,Negative,Safe to use
6.62,472,3.39,2,1999599,2025-05-07 11:18:01,True,Negative,Safe to use
6.64,548,3.13,2,117366,2025-05-07 11:18:06,True,Negative,Safe to use
6.66,486,3.46,2,172266,2025-05-07 11:18:11,True,Negative,Safe to use
6.64,521,3.37,2,156007,2025-05-07 11:18:16,True,Negative,Safe to use
6.85,517,3.11,2,196377,2025-05-07 11:18:21,True,Negative,Safe to use
6.65,527,3.27,1,183719,2025-05-07 11:18:26,True,Negative,Safe to use
6.72,486,3.13,20,176664,2025-05-07 11:18:31,True,Negative,Safe to use
6.66,488,3.2,2,125264,2025-05-07 11:18:36,True,Negative,Safe to use
6.6,467,3.35,1,101680,2025-05-07 11:18:41,True,Negative,Safe to use
6.69,529,3.2,1,147064,2025-05-07 11:18:46,True,Negative,Safe to use
6.63,484,3.33,2,161967,2025-05-07 11:18:51,True,Negative,Safe to use
6.63,495,3.2,2,184150,2025-05-07 11:18:56,True,Negative,Safe to use
6.75,518,3.15,2,121381,2025-05-07 11:19:01,True,Negative,Safe to use
6.59,530,3.43,2,882060,2025-05-07 11:19:06,True,Negative,Safe to use
6.79,496,3.46,1,165813,2025-05-07 11:19:11,True,Negative,Safe to use
6.8,472,3.45,2,161572,2025-05-07 11:19:16,True,Negative,Safe to use
6.58,504,3.29,1,192195,2025-05-07 11:19:21,True,Negative,Safe to use
6.6,509,3.21,1,140171,2025-05-07 11:19:26,True,Negative,Safe to use
6.54,507,3.38,2,196970,2025-05-07 11:19:31,True,Negative,Safe to use
6.84,462,3.35,2,187288,2025-05-07 11:19:36,True,Negative,Safe to use
6.68,483,3.44,2,191063,2025-05-07 11:19:41,True,Negative,Safe to use
6.88,541,3.16,2,144583,2025-05-07 11:19:46,True,Negative,Safe to use
6.77,547,3.37,1,171740,2025-05-07 11:19:51,True,Negative,Safe to use
6.55,547,3.2,21,121788,2025-05-07 11:19:56,True,Negative,Safe to use
6.57,473,3.46,1,1691496,2025-05-07 11:20:01,True,Negative,Safe to use
6.73,503,3.15,27,171591,2025-05-07 11:20:06,True,Negative,Safe to use
6.7,529,3.42,2,178973,2025-05-07 11:20:11,True,Negative,Safe to use
5.63,547,3.43,2,148250,2025-05-07 11:20:16,True,Negative,Safe to use
6.81,530,3.4,2,108558,2025-05-07 11:20:21,True,Negative,Safe to use
6.75,493,3.12,1,170765,2025-05-07 11:20:26,True,Negative,Safe to use
6.54,544,3.14,1,183264,2025-05-07 11:20:31,True,Negative,Safe to use
6.81,498,3.26,2,104347,2025-05-07 11:20:36,True,Negative,Safe to use
6.75,524,3.14,1,192574,2025-05-07 11:20:41,True,Negative,Safe to use
6.89,485,3.17,28,174748,2025-05-07 11:20:47,True,Negative,Safe to use
6.9,543,3.48,1,185955,2025-05-07 11:20:52,True,Negative,Safe to use
6.74,537,3.41,2,160573,2025-05-07 11:20:57,True,Negative,Safe to use
6.84,491,3.35,2,116928,2025-05-07 11:21:02,True,Negative,Safe to use
6.46,571,3.17,6,430091,2025-05-07 11:21:10,True,Negative,Safe to use
6.44,608,3.2,6,910827,2025-05-07 11:21:15,True,Negative,Safe to use
6.88,538,3.39,2,89372,2025-05-07 11:21:20,True,Negative,Safe to use
6.61,518,3.49,2,59271,2025-05-07 11:21:31,True,Negative,Safe to use
5.57,1004,2.91,10,1348313,2025-05-07 11:21:36,True,Negative,Safe to use
6.88,543,3.42,2,139769,2025-05-07 11:21:41,True,Negative,Safe to use
6.87,475,3.47,2,157337,2025-05-07 11:21:46,True,Negative,Safe to use
5.67,814,2.68,10,5679216,2025-05-07 11:21:51,True,Negative,Safe to use
5.81,887,2.91,27,2233381,2025-05-07 11:21:56,True,Negative,Safe to use
6.67,456,3.45,1,67851,2025-05-07 11:22:02,True,Negative,Safe to use
6.67,481,3.43,1,150603,2025-05-07 11:22:07,True,Negative,Safe to use
6.77,511,3.35,3,108981,2025-05-07 11:22:12,True,Negative,Safe to use
6.34,671,3.27,3,1057383,2025-05-07 11:22:17,True,Negative,Safe to use
6.21,689,3.26,5,926485,2025-05-07 11:22:22,True,Negative,Safe to use
6.62,453,3.35,3,79887,2025-05-07 11:22:27,True,Negative,Safe to use
6.9,478,3.39,3,165365,2025-05-07 11:22:32,True,Negative,Safe to use
6.24,646,3.27,5,1154640,2025-05-07 11:22:37,True,Negative,Safe to use
6.9,465,3.24,3,71437,2025-05-07 11:22:42,True,Negative,Safe to use
6.02,1194,2.68,25,1679490,2025-05-07 11:22:47,True,Negative,Safe to use
6.75,467,3.49,1,154122,2025-05-07 11:22:52,True,Negative,Safe to use
6.33,633,3.17,8,943336,2025-05-07 11:22:57,True,Negative,Safe to use
6.3,631,3.01,6,252479,2025-05-07 11:23:02,True,Negative,Safe to use
5.57,878,2.86,30,5569312,2025-05-07 11:23:07,True,Negative,Safe to use
6.3,552,3.1,7,925450,2025-05-07 11:23:12,True,Negative,Safe to use
6.42,668,3.27,7,1085034,2025-05-07 11:23:17,True,Negative,Safe to use
5.51,730,2.64,20,3077240,2025-05-07 11:23:22,True,Negative,Safe to use
6.35,640,3.17,3,755735,2025-05-07 11:23:27,True,Negative,Safe to use
6.04,834,2.97,21,1897280,2025-05-07 11:23:32,True,Negative,Safe to use
6.44,657,3.26,4,1171583,2025-05-07 11:23:37,True,Negative,Safe to use
6.66,537,3.21,1,72446,2025-05-07 11:23:42,True,Negative,Safe to use
6.84,467,3.45,3,78587,2025-05-07 11:23:47,True,Negative,Safe to use
6.34,686,3.16,8,894878,2025-05-07 11:23:52,True,Negative,Safe to use
6.65,527,3.34,1,60728,2025-05-07 11:23:57,True,Negative,Safe to use
6.84,497,3.24,1,165517,2025-05-07 11:24:02,True,Negative,Safe to use
5.69,771,2.94,21,1708901,2025-05-07 11:24:07,True,Negative,Safe to use
5.69,718,2.54,29,4403602,2025-05-07 11:24:12,True,Negative,Safe to use
6.76,538,3.39,3,146497,2025-05-07 11:24:17,True,Negative,Safe to use
6.89,541,3.38,1,55398,2025-05-07 11:24:22,True,Negative,Safe to use
6.36,667,3.09,4,504993,2025-05-07 11:24:27,True,Negative,Safe to use
5.52,820,2.71,8,3309379,2025-05-07 11:24:32,True,Negative,Safe to use
5.97,1093,2.77,26,2343660,2025-05-07 11:24:37,True,Negative,Safe to use
5.83,787,2.66,10,3090355,2025-05-07 11:24:42,True,Negative,Safe to use
5.6,987,2.77,16,5060243,2025-05-07 11:24:47,True,Negative,Safe to use
6.64,512,3.33,2,96418,2025-05-07 11:24:52,True,Negative,Safe to use
6.86,505,3.36,3,82904,2025-05-07 11:24:58,True,Negative,Safe to use
6.69,527,3.32,1,56641,2025-05-07 11:25:03,True,Negative,Safe to use
6.37,559,3.21,6,230073,2025-05-07 11:25:08,True,Negative,Safe to use
6.89,509,3.28,2,154911,2025-05-07 11:25:13,True,Negative,Safe to use
6.45,566,3.19,3,523234,2025-05-07 11:25:18,True,Negative,Safe to use
6.23,620,3.2,3,614284,2025-05-07 11:25:23,True,Negative,Safe to use
6.64,492,3.21,2,54204,2025-05-07 11:25:28,True,Negative,Safe to use
6.83,481,3.4,2,69874,2025-05-07 11:25:33,True,Negative,Safe to use
6.46,585,3.03,8,1197226,2025-05-07 11:25:38,True,Negative,Safe to use
6.84,475,3.48,2,100723,2025-05-07 11:25:43,True,Negative,Safe to use
6.7,476,3.46,2,95320,2025-05-07 11:25:48,True,Negative,Safe to use
6.7,507,3.48,3,62103,2025-05-07 11:25:53,True,Negative,Safe to use
6.44,622,3.09,6,1013096,2025-05-07 11:25:58,True,Negative,Safe to use
6.45,577,3.04,6,702460,2025-05-07 11:26:03,True,Negative,Safe to use
5.71,1197,2.56,26,2945142,2025-05-07 11:26:08,True,Negative,Safe to use
6.81,499,3.21,2,116800,2025-05-07 11:26:13,True,Negative,Safe to use
5.94,1158,2.77,24,3420636,2025-05-07 11:26:18,True,Negative,Safe to use
6.84,535,3.34,1,60142,2025-05-07 11:26:23,True,Negative,Safe to use
6.31,559,3.17,8,421950,2025-05-07 11:26:28,True,Negative,Safe to use
6.32,568,3.24,5,1184708,2025-05-07 11:26:33,True,Negative,Safe to use
6.6,524,3.25,2,62611,2025-05-07 11:26:38,True,Negative,Safe to use
6.78,451,3.27,3,74263,2025-05-07 11:26:43,True,Negative,Safe to use
6.62,475,3.46,3,176321,2025-05-07 11:26:48,True,Negative,Safe to use
6.81,529,3.36,3,177956,2025-05-07 11:26:53,True,Negative,Safe to use
6.43,636,3.2,3,412384,2025-05-07 11:26:58,True,Negative,Safe to use
6.81,543,3.23,1,171862,2025-05-07 11:27:03,True,Negative,Safe to use
6.66,478,3.23,1,109222,2025-05-07 11:27:08,True,Negative,Safe to use
6.29,697,3.19,6,938382,2025-05-07 11:27:13,True,Negative,Safe to use
6.6,526,3.34,2,74794,2025-05-07 11:27:18,True,Negative,Safe to use
6.78,457,3.36,3,81936,2025-05-07 11:27:23,True,Negative,Safe to use
6.8,450,3.5,2,107381,2025-05-07 11:27:28,True,Negative,Safe to use
6.79,482,3.35,3,64609,2025-05-07 11:27:33,True,Negative,Safe to use
5.75,736,2.92,8,3069617,2025-05-07 11:27:38,True,Negative,Safe to use
5.67,1188,2.58,30,2144937,2025-05-07 11:27:43,True,Negative,Safe to use
6.44,612,3.25,5,572296,2025-05-07 11:27:48,True,Negative,Safe to use
6.45,572,3.13,7,307959,2025-05-07 11:27:53,True,Negative,Safe to use
6.38,578,3.16,4,318212,2025-05-07 11:27:58,True,Negative,Safe to use
6.81,463,3.34,2,111724,2025-05-07 11:28:03,True,Negative,Safe to use
6.42,609,3.06,8,649038,2025-05-07 11:28:08,True,Negative,Safe to use
6.41,629,3.27,4,637025,2025-05-07 11:28:13,True,Negative,Safe to use
6.89,482,3.44,3,103127,2025-05-07 11:28:18,True,Negative,Safe to use
5.69,1169,2.88,27,4121488,2025-05-07 11:28:23,True,Negative,Safe to use
6.72,460,3.22,3,70284,2025-05-07 11:28:29,True,Negative,Safe to use
6.69,543,3.2,1,81266,2025-05-07 11:28:34,True,Negative,Safe to use
5.95,812,2.6,24,5675509,2025-05-07 11:28:39,True,Negative,Safe to use
6.76,535,3.38,2,58026,2025-05-07 11:28:44,True,Negative,Safe to use
6.74,515,3.41,2,63589,2025-05-07 11:28:49,True,Negative,Safe to use
5.79,1160,2.58,27,3906685,2025-05-07 11:28:54,True,Negative,Safe to use
6.48,593,3.12,7,281190,2025-05-07 11:28:59,True,Negative,Safe to use
6.21,556,3.0,8,274423,2025-05-07 11:29:04,True,Negative,Safe to use
6.82,525,3.26,3,67142,2025-05-07 11:29:09,True,Negative,Safe to use
6.29,679,3.29,6,1053838,2025-05-07 11:29:14,True,Negative,Safe to use
5.98,724,2.93,16,5484676,2025-05-07 11:29:19,True,Negative,Safe to use
5.7,1128,2.85,10,3338079,2025-05-07 11:29:24,True,Negative,Safe to use
6.67,458,3.27,1,118180,2025-05-07 11:29:29,True,Negative,Safe to use
6.88,503,3.21,2,176120,2025-05-07 11:29:34,True,Negative,Safe to use
6.87,525,3.23,2,65075,2025-05-07 11:29:39,True,Negative,Safe to use
6.86,465,3.39,2,80789,2025-05-07 11:29:44,True,Negative,Safe to use
6.3,670,3.11,3,949418,2025-05-07 11:29:49,True,Negative,Safe to use
6.34,559,3.18,5,1051184,2025-05-07 11:29:54,True,Negative,Safe to use
6.79,467,3.42,2,76703,2025-05-07 11:29:59,True,Negative,Safe to use
6.8,461,3.33,3,173009,2025-05-07 11:30:04,True,Negative,Safe to use
5.61,835,2.62,23,3703116,2025-05-07 11:30:09,True,Negative,Safe to use
6.43,655,3.28,4,1138282,2025-05-07 11:30:14,True,Negative,Safe to use
6.83,455,3.36,1,160912,2025-05-07 11:30:19,True,Negative,Safe to use
6.89,532,3.37,3,77478,2025-05-07 11:30:24,True,Negative,Safe to use
6.62,546,3.29,1,170618,2025-05-07 11:30:29,True,Negative,Safe to use
6.83,513,3.25,3,78156,2025-05-07 11:30:34,True,Negative,Safe to use
6.61,459,3.31,1,58666,2025-05-07 11:30:39,True,Negative,Safe to use
6.31,580,3.14,5,1183354,2025-05-07 11:30:44,True,Negative,Safe to use
5.7,805,2.95,17,2061394,2025-05-07 11:30:49,True,Negative,Safe to use
6.72,452,3.28,3,153082,2025-05-07 11:30:54,True,Negative,Safe to use
6.72,462,3.27,2,150477,2025-05-07 11:30:59,True,Negative,Safe to use
5.72,1066,2.84,18,4416721,2025-05-07 11:31:04,True,Negative,Safe to use
6.76,531,3.28,2,107263,2025-05-07 11:31:09,True,Negative,Safe to use
6.0,1173,2.83,14,5099504,2025-05-07 11:31:14,True,Negative,Safe to use
6.04,850,2.85,22,1321210,2025-05-07 11:31:19,True,Negative,Safe to use
6.47,690,3.07,7,752415,2025-05-07 11:31:24,True,Negative,Safe to use
6.81,498,3.34,1,175416,2025-05-07 11:31:29,True,Negative,Safe to use
6.25,613,3.14,5,1148171,2025-05-07 11:31:34,True,Negative,Safe to use
6.79,529,3.35,1,105748,2025-05-07 11:31:39,True,Negative,Safe to use
6.65,461,3.26,2,132485,2025-05-07 11:31:44,True,Negative,Safe to use
6.35,607,3.14,6,521880,2025-05-07 11:31:49,True,Negative,Safe to use
6.72,547,3.41,2,88252,2025-05-07 11:31:54,True,Negative,Safe to use
6.81,502,3.36,2,179331,2025-05-07 11:31:59,True,Negative,Safe to use
6.87,469,3.23,1,124583,2025-05-07 11:32:04,True,Negative,Safe to use
6.31,640,3.19,6,788450,2025-05-07 11:32:09,True,Negative,Safe to use
6.35,694,3.28,6,1029271,2025-05-07 11:32:14,True,Negative,Safe to use
6.23,572,3.3,7,710997,2025-05-07 11:32:19,True,Negative,Safe to use
6.81,455,3.27,1,94516,2025-05-07 11:32:24,True,Negative,Safe to use
5.63,805,2.51,14,3062344,2025-05-07 11:32:29,True,Negative,Safe to use
6.67,518,3.47,3,94723,2025-05-07 11:32:34,True,Negative,Safe to use
6.73,486,3.36,1,110427,2025-05-07 11:32:39,True,Negative,Safe to use
5.52,756,2.6,20,2965856,2025-05-07 11:32:44,True,Negative,Safe to use
6.46,561,3.0,6,1098310,2025-05-07 11:32:49,True,Negative,Safe to use
6.08,749,2.91,22,1370836,2025-05-07 11:32:54,True,Negative,Safe to use
5.57,800,2.77,20,3365325,2025-05-07 11:32:59,True,Negative,Safe to use
6.78,485,3.37,3,114191,2025-05-07 11:33:04,True,Negative,Safe to use
6.68,485,3.35,3,91856,2025-05-07 11:33:09,True,Negative,Safe to use
6.06,1157,2.91,17,2204152,2025-05-07 11:33:15,True,Negative,Safe to use
6.87,548,3.36,2,79471,2025-05-07 11:33:20,True,Negative,Safe to use
6.23,560,3.23,4,1083566,2025-05-07 11:33:25,True,Negative,Safe to use
6.9,473,3.29,1,135486,2025-05-07 11:33:30,True,Negative,Safe to use
6.74,542,3.26,2,151140,2025-05-07 11:33:35,True,Negative,Safe to use
6.88,454,3.29,3,123445,2025-05-07 11:33:40,True,Negative,Safe to use
6.85,510,3.48,2,51136,2025-05-07 11:33:45,True,Negative,Safe to use
6.47,684,3.05,4,548303,2025-05-07 11:33:50,True,Negative,Safe to use
6.83,548,3.43,3,71204,2025-05-07 11:33:55,True,Negative,Safe to use
6.63,490,3.25,2,179712,2025-05-07 11:34:00,True,Negative,Safe to use
6.65,541,3.48,1,73478,2025-05-07 11:34:05,True,Negative,Safe to use
6.64,521,3.39,1,128509,2025-05-07 11:34:10,True,Negative,Safe to use
6.87,483,3.29,1,158196,2025-05-07 11:34:15,True,Negative,Safe to use
5.74,910,2.52,9,5213454,2025-05-07 11:34:20,True,Negative,Safe to use
6.68,527,3.41,3,128703,2025-05-07 11:34:25,True,Negative,Safe to use
6.65,509,3.28,2,137099,2025-05-07 11:34:30,True,Negative,Safe to use
5.81,1118,2.71,18,1680877,2025-05-07 11:34:35,True,Negative,Safe to use
6.87,518,3.37,2,109909,2025-05-07 11:34:40,True,Negative,Safe to use
6.34,651,3.19,3,811823,2025-05-07 11:34:45,True,Negative,Safe to use
6.85,504,3.39,2,151835,2025-05-07 11:34:50,True,Negative,Safe to use
6.64,530,3.27,3,61038,2025-05-07 11:34:55,True,Negative,Safe to use
6.7,547,3.22,1,60111,2025-05-07 11:35:00,True,Negative,Safe to use
6.68,515,3.29,2,117976,2025-05-07 11:35:05,True,Negative,Safe to use
6.33,637,3.08,8,466479,2025-05-07 11:35:10,True,Negative,Safe to use
6.26,550,3.12,6,623921,2025-05-07 11:35:27,True,Negative,Safe to use
6.43,659,3.18,5,485318,2025-05-07 11:35:32,True,Negative,Safe to use
6.77,454,3.38,2,140161,2025-05-07 11:35:37,True,Negative,Safe to use
6.62,532,3.47,1,98303,2025-05-07 11:35:42,True,Negative,Safe to use
6.63,495,3.38,1,78001,2025-05-07 11:35:47,True,Negative,Safe to use
6.63,546,3.23,3,136345,2025-05-07 11:35:52,True,Negative,Safe to use
6.88,458,3.49,2,82467,2025-05-07 11:35:57,True,Negative,Safe to use
6.31,677,3.2,8,349325,2025-05-07 11:36:02,True,Negative,Safe to use
6.42,690,3.08,3,303573,2025-05-07 11:36:07,True,Negative,Safe to use
6.84,541,3.21,3,126401,2025-05-07 11:36:12,True,Negative,Safe to use
6.89,540,3.32,1,134208,2025-05-07 11:36:17,True,Negative,Safe to use
6.73,512,3.5,3,125397,2025-05-07 11:36:22,True,Negative,Safe to use
6.9,541,3.28,1,70845,2025-05-07 11:36:27,True,Negative,Safe to use
5.73,968,2.93,28,4560213,2025-05-07 11:36:32,True,Negative,Safe to use
5.75,930,2.61,19,5762698,2025-05-07 11:36:37,True,Negative,Safe to use
6.01,914,2.56,29,4837953,2025-05-07 11:36:42,True,Negative,Safe to use
6.82,494,3.37,3,59979,2025-05-07 11:36:47,True,Negative,Safe to use
6.79,522,3.31,1,82424,2025-05-07 11:36:52,True,Negative,Safe to use
6.47,670,3.22,6,846470,2025-05-07 11:36:57,True,Negative,Safe to use
6.06,1029,2.85,28,4404423,2025-05-07 11:37:02,True,Negative,Safe to use
6.71,493,3.48,2,110254,2025-05-07 11:37:07,True,Negative,Safe to use
5.53,1136,2.96,16,2785433,2025-05-07 11:37:12,True,Negative,Safe to use
6.89,490,3.3,1,62978,2025-05-07 11:37:17,True,Negative,Safe to use
6.77,515,3.29,3,127611,2025-05-07 11:37:22,True,Negative,Safe to use
6.88,486,3.46,1,124864,2025-05-07 11:37:27,True,Negative,Safe to use
6.68,489,3.43,1,179673,2025-05-07 11:37:32,True,Negative,Safe to use
6.86,524,3.48,2,86186,2025-05-07 11:37:37,True,Negative,Safe to use
6.82,489,3.31,2,88404,2025-05-07 11:37:42,True,Negative,Safe to use
6.2,625,3.21,7,558045,2025-05-07 11:37:47,True,Negative,Safe to use
6.23,571,3.17,7,1061691,2025-05-07 11:37:52,True,Negative,Safe to use
6.66,546,3.37,1,67000,2025-05-07 11:37:57,True,Negative,Safe to use
6.71,496,3.48,1,176523,2025-05-07 11:38:02,True,Negative,Safe to use
6.74,466,3.25,2,166854,2025-05-07 11:38:07,True,Negative,Safe to use
6.48,650,3.15,8,409337,2025-05-07 11:38:12,True,Negative,Safe to use
6.7,541,3.46,1,126328,2025-05-07 11:38:17,True,Negative,Safe to use
6.7,454,3.3,1,113663,2025-05-07 11:38:22,True,Negative,Safe to use
6.36,627,3.04,4,358701,2025-05-07 11:38:27,True,Negative,Safe to use
5.94,744,2.73,26,2183290,2025-05-07 11:38:32,True,Negative,Safe to use
6.65,533,3.29,3,114394,2025-05-07 11:38:37,True,Negative,Safe to use
6.4,680,3.1,3,658572,2025-05-07 11:38:42,True,Negative,Safe to use
6.67,468,3.39,2,117854,2025-05-07 11:38:47,True,Negative,Safe to use
6.7,536,3.34,3,154029,2025-05-07 11:38:52,True,Negative,Safe to use
6.88,477,3.25,3,135239,2025-05-07 11:38:57,True,Negative,Safe to use
6.45,611,3.08,3,1107026,2025-05-07 11:39:02,True,Negative,Safe to use
6.61,510,3.21,1,61962,2025-05-07 11:39:07,True,Negative,Safe to use
5.73,1023,2.51,28,1539511,2025-05-07 11:39:13,True,Negative,Safe to use
6.38,591,3.24,4,890711,2025-05-07 11:39:18,True,Negative,Safe to use
6.74,466,3.33,1,86876,2025-05-07 11:39:23,True,Negative,Safe to use
6.64,549,3.31,3,53415,2025-05-07 11:39:30,True,Negative,Safe to use
6.23,616,3.03,7,546631,2025-05-07 11:39:35,True,Negative,Safe to use
5.7,1020,3.0,9,2843585,2025-05-07 11:39:40,True,Negative,Safe to use
6.77,549,3.45,1,68550,2025-05-07 11:39:45,True,Negative,Safe to use
5.56,1091,2.8,18,3007130,2025-05-07 11:39:50,True,Negative,Safe to use
5.91,833,2.79,21,3242355,2025-05-07 11:39:55,True,Negative,Safe to use
6.25,563,3.26,5,1039522,2025-05-07 11:40:00,True,Negative,Safe to use
5.62,1063,2.85,18,3783439,2025-05-07 11:40:05,True,Negative,Safe to use
6.2,641,3.13,3,556007,2025-05-07 11:40:10,True,Negative,Safe to use
6.73,490,3.25,2,158807,2025-05-07 11:40:15,True,Negative,Safe to use
6.78,518,3.48,3,78640,2025-05-07 11:40:20,True,Negative,Safe to use
5.93,711,2.7,14,4479699,2025-05-07 11:40:25,True,Negative,Safe to use
6.61,455,3.4,3,178351,2025-05-07 11:40:30,True,Negative,Safe to use
6.62,462,3.37,1,171878,2025-05-07 11:40:35,True,Negative,Safe to use
6.72,499,3.38,1,154648,2025-05-07 11:40:40,True,Negative,Safe to use
6.7,471,3.45,2,164674,2025-05-07 11:40:45,True,Negative,Safe to use
6.88,544,3.39,2,127277,2025-05-07 11:40:50,True,Negative,Safe to use
6.63,548,3.42,3,60478,2025-05-07 11:40:55,True,Negative,Safe to use
6.66,453,3.49,3,85301,2025-05-07 11:41:00,True,Negative,Safe to use
6.89,540,3.29,1,78911,2025-05-07 11:41:05,True,Negative,Safe to use
6.62,539,3.44,1,166015,2025-05-07 11:41:10,True,Negative,Safe to use
6.78,505,3.22,3,149152,2025-05-07 11:41:15,True,Negative,Safe to use
6.45,674,3.02,4,1142123,2025-05-07 11:41:20,True,Negative,Safe to use
6.79,496,3.33,1,119875,2025-05-07 11:41:25,True,Negative,Safe to use
5.77,794,2.72,30,4070234,2025-05-07 11:41:30,True,Negative,Safe to use
5.79,983,2.9,30,2200469,2025-05-07 11:41:35,True,Negative,Safe to use
6.72,461,3.37,2,60180,2025-05-07 11:41:40,True,Negative,Safe to use
6.4,633,3.12,5,916407,2025-05-07 11:41:45,True,Negative,Safe to use
6.44,607,3.06,7,1148813,2025-05-07 11:41:50,True,Negative,Safe to use
6.62,550,3.42,2,92721,2025-05-07 11:41:55,True,Negative,Safe to use
6.38,553,3.19,7,1065616,2025-05-07 11:42:00,True,Negative,Safe to use
6.47,614,3.29,5,809944,2025-05-07 11:42:05,True,Negative,Safe to use
6.76,458,3.25,3,71564,2025-05-07 11:42:10,True,Negative,Safe to use
5.85,708,2.71,18,2069268,2025-05-07 11:42:15,True,Negative,Safe to use
6.86,510,3.46,3,79908,2025-05-07 11:42:20,True,Negative,Safe to use
6.47,676,3.24,5,317216,2025-05-07 11:42:25,True,Negative,Safe to use
6.47,557,3.02,3,794230,2025-05-07 11:42:30,True,Negative,Safe to use
6.71,497,3.27,1,112954,2025-05-07 11:42:35,True,Negative,Safe to use
6.85,485,3.33,1,59600,2025-05-07 11:42:40,True,Negative,Safe to use
6.82,539,3.3,1,154312,2025-05-07 11:42:45,True,Negative,Safe to use
6.71,452,3.33,1,149072,2025-05-07 11:42:50,True,Negative,Safe to use
5.82,818,2.84,9,2664900,2025-05-07 11:42:55,True,Negative,Safe to use
6.84,455,3.47,3,159012,2025-05-07 11:43:01,True,Negative,Safe to use
6.3,665,3.16,5,347965,2025-05-07 11:43:06,True,Negative,Safe to use
6.37,612,3.05,7,506001,2025-05-07 11:43:11,True,Negative,Safe to use
5.68,1076,2.77,13,3833504,2025-05-07 11:43:16,True,Negative,Safe to use
6.84,543,3.29,3,132958,2025-05-07 11:43:21,True,Negative,Safe to use
5.5,1124,2.86,12,1313486,2025-05-07 11:43:26,True,Negative,Safe to use
6.76,527,3.38,1,114210,2025-05-07 11:43:31,True,Negative,Safe to use
6.71,523,3.36,3,153118,2025-05-07 11:43:36,True,Negative,Safe to use
5.83,1136,2.96,25,1443349,2025-05-07 11:43:41,True,Negative,Safe to use
6.66,502,3.31,3,77626,2025-05-07 11:43:46,True,Negative,Safe to use
6.77,474,3.27,1,67671,2025-05-07 11:43:51,True,Negative,Safe to use
6.37,593,3.17,8,591708,2025-05-07 11:43:56,True,Negative,Safe to use
6.45,687,3.21,5,888319,2025-05-07 11:44:01,True,Negative,Safe to use
6.06,790,2.51,18,3420187,2025-05-07 11:44:06,True,Negative,Safe to use
6.26,671,3.23,3,297352,2025-05-07 11:44:11,True,Negative,Safe to use
6.23,693,3.25,5,544344,2025-05-07 11:47:57,True,Negative,Safe to use
6.41,588,3.1,3,669385,2025-05-07 11:48:02,True,Negative,Safe to use
6.82,498,3.33,1,61858,2025-05-07 11:48:07,True,Negative,Safe to use
6.65,455,3.35,3,160292,2025-05-07 11:48:12,True,Negative,Safe to use
6.83,475,3.33,1,56622,2025-05-07 11:48:17,True,Negative,Safe to use
6.74,530,3.29,2,73065,2025-05-07 11:48:23,True,Negative,Safe to use
6.81,453,3.32,1,91238,2025-05-07 11:48:28,True,Negative,Safe to use
5.78,804,3.0,11,4669206,2025-05-07 11:48:33,True,Negative,Safe to use
6.89,498,3.34,2,126870,2025-05-07 11:48:38,True,Negative,Safe to use
6.49,613,3.13,8,339902,2025-05-07 11:48:43,True,Negative,Safe to use
6.2,683,3.06,7,633858,2025-05-07 11:48:48,True,Negative,Safe to use
6.41,686,3.24,6,545565,2025-05-07 11:48:53,True,Negative,Safe to use
6.42,618,3.15,3,1023474,2025-05-07 11:48:58,True,Negative,Safe to use
6.42,631,3.08,3,1192880,2025-05-07 11:49:03,True,Negative,Safe to use
6.25,619,3.0,5,446027,2025-05-07 11:49:08,True,Negative,Safe to use
5.53,884,2.78,10,4048320,2025-05-07 11:49:13,True,Negative,Safe to use
6.05,1165,2.94,16,2639563,2025-05-07 11:49:18,True,Negative,Safe to use
6.68,469,3.32,3,154013,2025-05-07 11:49:23,True,Negative,Safe to use
5.97,1013,2.76,28,3840111,2025-05-07 11:49:28,True,Negative,Safe to use
6.7,505,3.29,3,58535,2025-05-07 11:49:33,True,Negative,Safe to use
6.46,646,3.02,6,802577,2025-05-07 11:49:38,True,Negative,Safe to use
6.44,649,3.27,7,749916,2025-05-07 11:49:43,True,Negative,Safe to use
6.74,472,3.49,3,159100,2025-05-07 11:49:48,True,Negative,Safe to use
6.85,546,3.31,2,170570,2025-05-07 11:49:53,True,Negative,Safe to use
5.92,878,2.83,17,3234265,2025-05-07 11:49:58,True,Negative,Safe to use
5.56,883,2.89,24,3921239,2025-05-07 11:50:03,True,Negative,Safe to use
6.21,645,3.17,8,273738,2025-05-07 11:50:08,True,Negative,Safe to use
6.68,519,3.25,2,152275,2025-05-07 11:50:13,True,Negative,Safe to use
6.39,556,3.11,8,709354,2025-05-07 11:50:18,True,Negative,Safe to use
6.09,974,2.95,27,3905183,2025-05-07 11:50:23,True,Negative,Safe to use
6.63,533,3.39,1,96965,2025-05-07 11:50:28,True,Negative,Safe to use
6.26,627,3.22,6,665621,2025-05-07 11:50:33,True,Negative,Safe to use
6.81,515,3.33,2,111429,2025-05-07 11:50:38,True,Negative,Safe to use
6.84,470,3.4,1,111198,2025-05-07 11:50:43,True,Negative,Safe to use
5.85,730,2.78,10,3555728,2025-05-07 11:50:48,True,Negative,Safe to use
6.33,609,3.09,4,332769,2025-05-07 11:50:53,True,Negative,Safe to use
6.7,546,3.45,1,70298,2025-05-07 11:50:58,True,Negative,Safe to use
6.87,472,3.46,1,79741,2025-05-07 11:51:03,True,Negative,Safe to use
6.43,690,3.2,8,732898,2025-05-07 11:51:08,True,Negative,Safe to use
6.86,469,3.32,1,168741,2025-05-07 11:51:13,True,Negative,Safe to use
6.79,498,3.47,1,89494,2025-05-07 11:51:18,True,Negative,Safe to use
6.36,558,3.06,6,312461,2025-05-07 11:51:23,True,Negative,Safe to use
6.79,524,3.44,1,101461,2025-05-07 11:51:28,True,Negative,Safe to use
6.81,454,3.24,2,103825,2025-05-07 11:51:33,True,Negative,Safe to use
6.77,505,3.21,1,76631,2025-05-07 11:51:38,True,Negative,Safe to use
6.85,532,3.42,3,77042,2025-05-07 11:51:43,True,Negative,Safe to use
6.69,488,3.45,1,129766,2025-05-07 11:51:48,True,Negative,Safe to use
6.8,526,3.45,2,111962,2025-05-07 11:51:53,True,Negative,Safe to use
5.66,1116,2.86,27,2218373,2025-05-07 11:51:58,True,Negative,Safe to use
6.76,499,3.34,3,96753,2025-05-07 11:52:03,True,Negative,Safe to use
5.94,961,2.58,16,2415759,2025-05-07 11:52:08,True,Negative,Safe to use
5.76,1059,2.72,22,3134913,2025-05-07 11:52:13,True,Negative,Safe to use
6.32,613,3.17,4,872435,2025-05-07 11:52:18,True,Negative,Safe to use
6.36,688,3.2,6,841943,2025-05-07 11:52:23,True,Negative,Safe to use
6.75,502,3.29,2,141828,2025-05-07 11:52:29,True,Negative,Safe to use
5.67,704,2.73,13,4011599,2025-05-07 11:52:34,True,Negative,Safe to use
5.8,787,2.59,22,4183742,2025-05-07 11:52:39,True,Negative,Safe to use
6.86,531,3.45,3,77489,2025-05-07 11:52:44,True,Negative,Safe to use
6.69,487,3.38,2,120892,2025-05-07 11:52:49,True,Negative,Safe to use
6.3,598,3.29,8,595823,2025-05-07 11:52:54,True,Negative,Safe to use
6.88,502,3.5,2,152547,2025-05-07 11:52:59,True,Negative,Safe to use
6.79,477,3.45,2,124296,2025-05-07 11:53:04,True,Negative,Safe to use
6.2,695,3.07,5,1012907,2025-05-07 11:53:09,True,Negative,Safe to use
6.77,450,3.47,2,160846,2025-05-07 11:53:14,True,Negative,Safe to use
5.74,907,2.77,28,4206901,2025-05-07 11:53:19,True,Negative,Safe to use
6.77,537,3.33,3,179287,2025-05-07 11:53:24,True,Negative,Safe to use
6.47,681,3.26,8,850049,2025-05-07 11:53:29,True,Negative,Safe to use
6.26,661,3.01,4,830285,2025-05-07 11:53:34,True,Negative,Safe to use
6.61,480,3.28,1,84974,2025-05-07 11:53:39,True,Negative,Safe to use
5.65,1196,2.65,20,4014850,2025-05-07 11:53:45,True,Negative,Safe to use
5.66,739,2.61,16,5934759,2025-05-07 12:50:45,True,Negative,Safe to use
5.58,1123,2.98,16,2576917,2025-05-07 12:50:51,True,Negative,Safe to use
6.88,501,3.22,1,165754,2025-05-07 12:50:56,True,Negative,Safe to use
6.43,692,3.11,6,613819,2025-05-07 12:51:01,True,Negative,Safe to use
5.57,732,2.95,27,1403651,2025-05-07 12:51:06,True,Negative,Safe to use
6.38,636,3.02,6,869707,2025-05-07 12:51:11,True,Negative,Safe to use
6.4,654,3.0,6,870843,2025-05-07 12:51:16,True,Negative,Safe to use
5.84,825,2.67,29,4123422,2025-05-07 12:51:21,True,Negative,Safe to use
6.78,482,3.39,1,118769,2025-05-07 12:51:26,True,Negative,Safe to use
5.84,915,2.74,8,3382400,2025-05-07 12:51:31,True,Negative,Safe to use
6.9,457,3.5,1,83017,2025-05-07 12:51:36,True,Negative,Safe to use
6.71,501,3.49,3,127788,2025-05-07 12:51:41,True,Negative,Safe to use
6.76,481,3.4,3,86050,2025-05-07 12:51:46,True,Negative,Safe to use
6.43,555,3.15,4,315830,2025-05-07 12:51:51,True,Negative,Safe to use
6.69,525,3.48,2,127709,2025-05-07 12:51:56,True,Negative,Safe to use
5.75,904,2.9,15,3686740,2025-05-07 12:52:01,True,Negative,Safe to use
6.9,514,3.31,1,74263,2025-05-07 12:52:06,True,Negative,Safe to use
6.88,542,3.39,2,164782,2025-05-07 12:52:11,True,Negative,Safe to use
6.61,522,3.26,1,154322,2025-05-07 12:52:16,True,Negative,Safe to use
6.36,693,3.3,3,1084525,2025-05-07 12:52:21,True,Negative,Safe to use
6.0,1007,2.54,9,1662332,2025-05-07 12:52:26,True,Negative,Safe to use
6.64,466,3.42,2,98538,2025-05-07 12:52:31,True,Negative,Safe to use
5.62,1172,2.61,24,3117150,2025-05-07 12:52:36,True,Negative,Safe to use
6.74,517,3.29,1,130016,2025-05-07 12:52:41,True,Negative,Safe to use
6.8,462,3.34,1,98188,2025-05-07 12:52:46,True,Negative,Safe to use
6.77,492,3.44,1,146013,2025-05-07 12:52:51,True,Negative,Safe to use
6.65,488,3.45,1,93427,2025-05-07 12:52:56,True,Negative,Safe to use
6.06,1139,2.7,11,5223874,2025-05-07 12:53:01,True,Negative,Safe to use
5.73,959,2.79,8,4572299,2025-05-07 12:53:06,True,Negative,Safe to use
6.46,696,3.19,3,1127853,2025-05-07 12:53:11,True,Negative,Safe to use
5.75,1093,2.94,12,3015880,2025-05-07 12:53:16,True,Negative,Safe to use
6.75,455,3.26,2,144818,2025-05-07 12:53:21,True,Negative,Safe to use
6.76,520,3.21,2,102781,2025-05-07 12:53:26,True,Negative,Safe to use
6.62,469,3.29,1,176288,2025-05-07 12:53:32,True,Negative,Safe to use
6.3,656,3.21,4,928072,2025-05-07 12:53:37,True,Negative,Safe to use
6.34,684,3.04,6,1124509,2025-05-07 12:53:42,True,Negative,Safe to use
6.82,512,3.47,3,154840,2025-05-07 12:53:47,True,Negative,Safe to use
5.54,708,2.88,22,3329052,2025-05-07 12:53:52,True,Negative,Safe to use
6.29,686,3.27,3,680289,2025-05-07 12:53:57,True,Negative,Safe to use
6.35,567,3.1,6,491153,2025-05-07 12:54:02,True,Negative,Safe to use
6.69,538,3.22,2,125781,2025-05-07 12:54:07,True,Negative,Safe to use
6.61,499,3.42,2,170035,2025-05-07 12:54:12,True,Negative,Safe to use
6.42,562,3.04,4,843448,2025-05-07 12:54:17,True,Negative,Safe to use
5.88,769,2.84,18,1459082,2025-05-07 12:54:22,True,Negative,Safe to use
6.32,600,3.11,7,800380,2025-05-07 12:54:27,True,Negative,Safe to use
6.44,672,3.16,6,624649,2025-05-07 12:54:32,True,Negative,Safe to use
6.82,457,3.36,1,90051,2025-05-07 12:54:37,True,Negative,Safe to use
6.67,479,3.48,2,87972,2025-05-07 12:54:42,True,Negative,Safe to use
5.86,709,2.68,24,3594206,2025-05-07 12:54:47,True,Negative,Safe to use
6.33,641,3.24,6,1166527,2025-05-07 12:54:52,True,Negative,Safe to use
6.25,616,3.25,5,382867,2025-05-07 12:54:57,True,Negative,Safe to use
6.38,682,3.2,7,707424,2025-05-07 12:55:02,True,Negative,Safe to use
6.73,483,3.2,1,104569,2025-05-07 12:55:07,True,Negative,Safe to use
5.76,1089,2.71,19,1575850,2025-05-07 12:55:12,True,Negative,Safe to use
6.2,687,3.17,3,495150,2025-05-07 12:55:17,True,Negative,Safe to use
6.67,496,3.42,2,113353,2025-05-07 12:55:22,True,Negative,Safe to use
6.81,531,3.48,1,160417,2025-05-07 12:55:27,True,Negative,Safe to use
5.53,764,2.65,19,3096728,2025-05-07 12:55:32,True,Negative,Safe to use
5.57,1153,2.74,10,3309736,2025-05-07 12:55:37,True,Negative,Safe to use
6.4,699,3.25,4,295826,2025-05-07 12:55:42,True,Negative,Safe to use
5.92,1012,2.69,16,5118460,2025-05-07 12:55:47,True,Negative,Safe to use
6.34,580,3.09,5,577860,2025-05-07 12:55:52,True,Negative,Safe to use
6.82,529,3.42,2,134166,2025-05-07 12:55:57,True,Negative,Safe to use
6.43,591,3.25,7,856334,2025-05-07 12:56:02,True,Negative,Safe to use
6.66,500,3.5,1,161598,2025-05-07 12:56:07,True,Negative,Safe to use
6.43,579,3.08,7,422432,2025-05-07 12:56:12,True,Negative,Safe to use
6.82,488,3.5,2,136815,2025-05-07 12:56:17,True,Negative,Safe to use
5.55,884,2.7,28,3040423,2025-05-07 12:56:22,True,Negative,Safe to use
6.8,519,3.4,1,173529,2025-05-07 12:56:27,True,Negative,Safe to use
6.7,474,3.45,1,168479,2025-05-07 12:56:32,True,Negative,Safe to use
6.66,507,3.41,2,149594,2025-05-07 12:56:37,True,Negative,Safe to use
5.78,1078,2.89,24,2911943,2025-05-07 12:56:42,True,Negative,Safe to use
6.24,633,3.02,5,391787,2025-05-07 12:56:47,True,Negative,Safe to use
6.68,473,3.36,3,126934,2025-05-07 12:56:52,True,Negative,Safe to use
6.86,503,3.27,3,50331,2025-05-07 12:56:57,True,Negative,Safe to use
5.69,992,2.96,12,5867929,2025-05-07 12:57:02,True,Negative,Safe to use
6.77,529,3.25,2,164806,2025-05-07 12:57:07,True,Negative,Safe to use
5.71,1061,2.56,23,4844825,2025-05-07 12:57:12,True,Negative,Safe to use
6.64,455,3.32,1,56489,2025-05-07 12:59:14,True,Negative,Safe to use
6.7,546,3.38,1,140876,2025-05-07 12:59:20,True,Negative,Safe to use
5.74,1023,2.6,15,2851346,2025-05-07 13:01:09,True,Negative,Safe to use
6.81,527,3.48,3,178451,2025-05-07 13:01:14,True,Negative,Safe to use
6.26,685,3.23,8,1063284,2025-05-07 13:01:19,True,Negative,Safe to use
5.97,933,2.85,23,1359481,2025-05-07 13:04:03,True,Negative,Safe to use
5.86,1159,2.64,22,4429242,2025-05-07 13:04:08,True,Negative,Safe to use
6.65,516,3.3,2,84205,2025-05-07 13:04:13,True,Negative,Safe to use
6.75,550,3.47,3,62831,2025-05-07 13:04:18,True,Negative,Safe to use
6.74,466,3.36,2,63818,2025-05-07 13:04:23,True,Negative,Safe to use
6.67,541,3.3,2,143652,2025-05-07 13:04:28,True,Negative,Safe to use
6.68,471,3.22,2,92894,2025-05-07 13:04:33,True,Negative,Safe to use
6.68,453,3.26,1,94097,2025-05-07 13:04:38,True,Negative,Safe to use
6.64,528,3.48,2,57790,2025-05-07 13:04:43,True,Negative,Safe to use
6.44,679,3.08,7,1125388,2025-05-07 13:04:48,True,Negative,Safe to use
6.7,469,3.32,2,131670,2025-05-07 13:04:53,True,Negative,Safe to use
5.77,754,2.63,29,5723100,2025-05-07 13:04:58,True,Negative,Safe to use
6.39,647,3.0,7,1174622,2025-05-07 13:05:03,True,Negative,Safe to use
6.33,592,3.3,5,586461,2025-05-16 12:22:10,True,Negative,Safe to use
6.03,742,2.98,8,4867208,2025-05-16 12:22:15,True,Negative,Safe to use
6.62,451,3.49,3,84541,2025-05-16 12:22:20,True,Negative,Safe to use
6.73,544,3.33,3,138852,2025-05-16 12:22:25,True,Negative,Safe to use
6.76,479,3.48,1,145491,2025-05-16 12:22:30,True,Negative,Safe to use
6.76,506,3.49,2,106274,2025-05-16 12:22:35,True,Negative,Safe to use
6.68,461,3.38,2,118778,2025-05-16 12:22:40,True,Negative,Safe to use
6.74,525,3.48,2,86769,2025-05-16 12:22:45,True,Negative,Safe to use
6.76,471,3.23,3,131343,2025-05-16 12:22:50,True,Negative,Safe to use
6.09,924,2.52,13,2545302,2025-05-16 12:22:55,True,Negative,Safe to use
6.61,530,3.41,2,157356,2025-05-16 12:23:00,True,Negative,Safe to use
5.91,990,2.6,10,2941761,2025-05-16 12:23:05,True,Negative,Safe to use
6.04,751,2.93,20,1354331,2025-05-16 12:23:10,True,Negative,Safe to use
6.07,820,2.74,20,5155600,2025-05-16 12:23:15,True,Negative,Safe to use
6.71,515,3.31,1,70032,2025-05-16 12:23:20,True,Negative,Safe to use
6.34,568,3.25,3,336885,2025-05-16 12:23:25,True,Negative,Safe to use
6.66,517,3.41,2,151852,2025-05-16 12:23:30,True,Negative,Safe to use
6.62,473,3.38,2,63161,2025-05-16 12:23:35,True,Negative,Safe to use
6.8,488,3.33,2,123196,2025-05-16 12:23:40,True,Negative,Safe to use
6.38,620,3.06,8,613413,2025-05-16 12:23:45,True,Negative,Safe to use
6.62,456,3.43,3,91501,2025-05-16 12:23:50,True,Negative,Safe to use
5.81,915,2.94,22,3926970,2025-05-16 12:23:55,True,Negative,Safe to use
6.23,627,3.04,3,772250,2025-05-16 12:24:00,True,Negative,Safe to use
5.72,984,2.73,25,2998531,2025-05-16 12:24:05,True,Negative,Safe to use
6.88,540,3.24,2,72684,2025-05-16 12:24:10,True,Negative,Safe to use
6.44,644,3.06,5,1035575,2025-05-16 12:24:15,True,Negative,Safe to use
6.73,515,3.46,2,154220,2025-05-16 12:24:20,True,Negative,Safe to use
6.2,635,3.28,5,971786,2025-05-16 12:24:25,True,Negative,Safe to use
6.25,553,3.23,5,283360,2025-05-16 12:24:30,True,Negative,Safe to use
6.7,506,3.42,1,92960,2025-05-16 12:24:35,True,Negative,Safe to use
6.35,659,3.09,7,461287,2025-05-16 12:24:40,True,Negative,Safe to use
6.84,455,3.43,1,138293,2025-05-16 12:24:45,True,Negative,Safe to use
5.77,1097,2.78,25,3525773,2025-05-16 12:24:50,True,Negative,Safe to use
6.0,779,2.9,23,2602572,2025-05-16 12:24:55,True,Negative,Safe to use
6.69,520,3.46,1,56756,2025-05-16 12:25:00,True,Negative,Safe to use
6.3,572,3.19,3,1176288,2025-05-16 12:25:05,True,Negative,Safe to use
6.87,517,3.36,3,115206,2025-05-16 12:25:10,True,Negative,Safe to use
6.47,622,3.01,3,494753,2025-05-16 12:25:15,True,Negative,Safe to use
5.89,1031,2.92,8,2121499,2025-05-16 12:25:20,True,Negative,Safe to use
6.68,512,3.5,2,152791,2025-05-16 12:25:25,True,Negative,Safe to use
6.73,538,3.3,3,162444,2025-05-16 12:25:30,True,Negative,Safe to use
6.34,550,3.21,5,1168320,2025-05-16 12:25:36,True,Negative,Safe to use
6.69,451,3.44,2,130764,2025-05-16 12:25:41,True,Negative,Safe to use
6.87,535,3.23,1,163557,2025-05-16 12:25:46,True,Negative,Safe to use
6.77,526,3.28,1,166222,2025-05-16 12:25:51,True,Negative,Safe to use
6.38,603,3.0,5,761689,2025-05-16 12:25:56,True,Negative,Safe to use
5.97,970,2.57,12,5481849,2025-05-16 12:26:01,True,Negative,Safe to use
6.45,610,3.09,7,903368,2025-05-16 12:26:06,True,Negative,Safe to use
6.84,506,3.37,2,172934,2025-05-16 12:26:11,True,Negative,Safe to use
6.74,496,3.24,3,68980,2025-05-16 12:26:16,True,Negative,Safe to use
6.66,477,3.23,1,98781,2025-05-16 12:26:21,True,Negative,Safe to use
6.34,588,3.28,3,376651,2025-05-16 12:26:26,True,Negative,Safe to use
6.65,480,3.29,3,147928,2025-05-16 12:26:31,True,Negative,Safe to use
6.63,465,3.27,3,168477,2025-05-16 12:26:36,True,Negative,Safe to use
6.64,524,3.24,3,151425,2025-05-16 12:26:41,True,Negative,Safe to use
6.48,584,3.0,8,744164,2025-05-16 12:26:46,True,Negative,Safe to use
6.24,699,3.12,6,211454,2025-05-16 12:26:51,True,Negative,Safe to use
6.44,618,3.26,8,1043682,2025-05-16 12:26:56,True,Negative,Safe to use
6.71,468,3.4,2,86994,2025-05-16 12:27:01,True,Negative,Safe to use
6.66,525,3.28,3,87112,2025-05-16 12:27:06,True,Negative,Safe to use
6.81,550,3.38,3,153098,2025-05-16 12:27:11,True,Negative,Safe to use
6.85,500,3.46,2,67432,2025-05-16 12:27:16,True,Negative,Safe to use
6.87,523,3.39,1,82613,2025-05-16 12:27:21,True,Negative,Safe to use
6.62,466,3.31,3,159263,2025-05-16 12:27:26,True,Negative,Safe to use
6.72,529,3.34,1,164187,2025-05-16 12:27:31,True,Negative,Safe to use
6.37,652,3.17,8,855014,2025-05-16 12:27:36,True,Negative,Safe to use
6.77,494,3.4,2,113700,2025-05-16 12:27:41,True,Negative,Safe to use
6.7,533,3.5,1,53849,2025-05-16 12:27:46,True,Negative,Safe to use
6.9,493,3.35,1,151554,2025-05-16 12:27:51,True,Negative,Safe to use
6.26,587,3.16,5,551889,2025-05-16 12:27:56,True,Negative,Safe to use
6.34,699,3.28,5,820545,2025-05-16 12:28:01,True,Negative,Safe to use
6.38,653,3.2,4,704302,2025-05-16 12:28:06,True,Negative,Safe to use
6.88,488,3.39,3,114523,2025-05-16 12:28:11,True,Negative,Safe to use
6.82,484,3.22,3,90076,2025-05-16 12:28:16,True,Negative,Safe to use
6.5,662,3.17,7,271946,2025-05-16 12:28:22,True,Negative,Safe to use
5.78,1046,2.55,12,4469109,2025-05-16 12:28:27,True,Negative,Safe to use
6.64,525,3.33,3,119284,2025-05-16 12:28:32,True,Negative,Safe to use
6.35,602,3.26,3,624404,2025-05-16 12:28:37,True,Negative,Safe to use
6.81,538,3.37,3,146535,2025-05-16 12:28:42,True,Negative,Safe to use
6.7,504,3.4,2,142748,2025-05-16 12:28:47,True,Negative,Safe to use
6.7,462,3.28,3,125147,2025-05-16 12:28:52,True,Negative,Safe to use
6.82,477,3.28,3,163681,2025-05-16 12:28:57,True,Negative,Safe to use
5.94,858,2.52,16,4069885,2025-05-16 12:29:02,True,Negative,Safe to use
6.81,547,3.31,1,163530,2025-05-16 12:29:07,True,Negative,Safe to use
6.39,551,3.17,5,555294,2025-05-16 12:29:12,True,Negative,Safe to use
6.35,566,3.09,7,1127320,2025-05-16 12:29:17,True,Negative,Safe to use
6.66,468,3.47,1,72500,2025-05-16 12:29:22,True,Negative,Safe to use
6.65,480,3.3,3,63397,2025-05-16 12:29:27,True,Negative,Safe to use
6.71,541,3.34,1,57601,2025-05-16 12:29:32,True,Negative,Safe to use
6.63,536,3.37,1,90137,2025-05-16 12:29:37,True,Negative,Safe to use
6.62,476,3.41,1,91545,2025-05-16 12:29:42,True,Negative,Safe to use
5.71,730,2.91,16,2047602,2025-05-16 12:29:47,True,Negative,Safe to use
6.78,472,3.38,2,157899,2025-05-16 12:29:52,True,Negative,Safe to use
6.7,532,3.42,2,75420,2025-05-16 12:29:57,True,Negative,Safe to use
5.96,932,2.6,14,5950683,2025-05-16 12:30:02,True,Negative,Safe to use
6.25,593,3.11,5,748528,2025-05-16 12:30:07,True,Negative,Safe to use
6.77,538,3.43,3,130143,2025-05-16 12:30:12,True,Negative,Safe to use
6.25,550,3.11,6,237719,2025-05-16 12:30:17,True,Negative,Safe to use
6.74,473,3.43,1,169426,2025-05-16 12:30:22,True,Negative,Safe to use
6.61,481,3.45,2,75574,2025-05-16 12:30:27,True,Negative,Safe to use
6.49,647,3.06,5,359485,2025-05-16 12:30:32,True,Negative,Safe to use
6.64,474,3.27,3,53121,2025-05-16 12:30:37,True,Negative,Safe to use
6.41,680,3.23,5,446432,2025-05-16 12:30:42,True,Negative,Safe to use
6.86,540,3.46,2,143437,2025-05-16 12:30:47,True,Negative,Safe to use
5.68,870,2.58,27,1718872,2025-05-16 12:30:52,True,Negative,Safe to use
6.34,623,3.2,6,1034836,2025-05-16 12:30:57,True,Negative,Safe to use
6.26,629,3.01,8,980736,2025-05-16 12:31:02,True,Negative,Safe to use
5.85,910,2.71,23,2709206,2025-05-16 12:31:07,True,Negative,Safe to use
6.79,526,3.29,3,83138,2025-05-16 12:31:12,True,Negative,Safe to use
5.57,951,2.75,20,4338671,2025-05-16 12:31:17,True,Negative,Safe to use
6.7,468,3.26,2,122113,2025-05-16 12:31:22,True,Negative,Safe to use
6.7,494,3.22,1,164645,2025-05-16 12:31:27,True,Negative,Safe to use
6.74,530,3.49,2,96626,2025-05-16 12:31:32,True,Negative,Safe to use
6.64,502,3.29,2,80320,2025-05-16 12:31:37,True,Negative,Safe to use
6.85,550,3.23,1,133574,2025-05-16 12:31:42,True,Negative,Safe to use
6.81,496,3.35,2,168164,2025-05-16 12:31:47,True,Negative,Safe to use
5.85,1151,2.93,12,3426719,2025-05-16 12:31:52,True,Negative,Safe to use
6.34,564,3.08,4,402171,2025-05-16 12:31:57,True,Negative,Safe to use
6.25,660,3.07,7,365932,2025-05-16 12:32:02,True,Negative,Safe to use
6.69,544,3.2,3,129311,2025-05-16 12:32:07,True,Negative,Safe to use
6.46,568,3.19,7,942704,2025-05-16 12:32:12,True,Negative,Safe to use
6.6,452,3.23,1,76207,2025-05-16 12:32:17,True,Negative,Safe to use
6.88,511,3.43,2,129491,2025-05-16 12:32:22,True,Negative,Safe to use
5.9,1102,2.58,15,4168363,2025-05-16 12:32:27,True,Negative,Safe to use
6.67,512,3.5,1,116303,2025-05-16 12:32:34,True,Negative,Safe to use
6.77,522,3.4,3,163923,2025-05-16 12:32:37,True,Negative,Safe to use
6.77,479,3.44,3,126923,2025-05-16 12:32:42,True,Negative,Safe to use
5.54,1166,2.98,10,4697814,2025-05-16 12:32:47,True,Negative,Safe to use
5.92,804,2.54,9,3485629,2025-05-16 12:32:52,True,Negative,Safe to use
6.87,486,3.4,2,146755,2025-05-16 12:32:57,True,Negative,Safe to use
6.87,503,3.24,3,119515,2025-05-16 12:33:02,True,Negative,Safe to use
5.55,832,2.79,12,1367517,2025-05-16 12:33:09,True,Negative,Safe to use
6.29,620,3.09,8,549964,2025-05-16 12:33:14,True,Negative,Safe to use
6.89,493,3.49,3,66262,2025-05-16 12:33:19,True,Negative,Safe to use
5.75,1174,2.53,21,3364928,2025-05-16 12:33:24,True,Negative,Safe to use
6.83,529,3.4,2,118992,2025-05-16 12:33:29,True,Negative,Safe to use
6.27,607,3.29,6,761290,2025-05-16 12:33:34,True,Negative,Safe to use
6.35,623,3.13,6,1157579,2025-05-16 12:33:39,True,Negative,Safe to use
6.78,527,3.4,2,164387,2025-05-16 12:33:44,True,Negative,Safe to use
6.49,611,3.24,8,338758,2025-05-16 12:33:49,True,Negative,Safe to use
6.24,649,3.21,8,305884,2025-05-16 12:33:54,True,Negative,Safe to use
6.26,611,3.17,4,730962,2025-05-16 12:34:00,True,Negative,Safe to use
6.76,497,3.38,1,90883,2025-05-16 12:34:05,True,Negative,Safe to use
6.67,464,3.36,2,96499,2025-05-16 12:34:10,True,Negative,Safe to use
6.79,496,3.36,3,140949,2025-05-16 12:34:15,True,Negative,Safe to use
6.82,461,3.38,3,56508,2025-05-16 12:34:20,True,Negative,Safe to use
5.68,969,2.77,21,2575253,2025-05-16 12:34:25,True,Negative,Safe to use
6.78,470,3.35,2,164117,2025-05-16 12:34:30,True,Negative,Safe to use
6.39,572,3.27,3,704733,2025-05-16 12:34:35,True,Negative,Safe to use
6.64,510,3.28,3,158783,2025-05-16 12:34:40,True,Negative,Safe to use
6.65,506,3.41,2,67406,2025-05-16 12:34:45,True,Negative,Safe to use
5.62,944,2.7,26,5841521,2025-05-16 12:34:50,True,Negative,Safe to use
6.76,503,3.37,2,143769,2025-05-16 12:34:55,True,Negative,Safe to use
6.62,481,3.48,2,85211,2025-05-16 12:35:00,True,Negative,Safe to use
6.49,692,3.2,7,370818,2025-05-16 12:35:05,True,Negative,Safe to use
6.88,470,3.27,3,116762,2025-05-16 12:35:10,True,Negative,Safe to use
6.2,603,3.24,7,1079260,2025-05-16 12:35:15,True,Negative,Safe to use
5.72,1096,2.62,8,5404326,2025-05-16 12:35:20,True,Negative,Safe to use
6.31,558,3.27,7,763787,2025-05-16 12:35:25,True,Negative,Safe to use
6.72,502,3.37,1,168505,2025-05-16 12:35:30,True,Negative,Safe to use
6.47,672,3.09,6,385894,2025-05-16 12:35:35,True,Negative,Safe to use
6.77,517,3.39,1,90271,2025-05-16 12:35:40,True,Negative,Safe to use
6.68,526,3.24,3,94324,2025-05-16 12:35:45,True,Negative,Safe to use
6.6,485,3.25,1,69826,2025-05-16 12:35:50,True,Negative,Safe to use
6.78,467,3.39,3,177298,2025-05-16 12:35:55,True,Negative,Safe to use
6.78,527,3.21,3,60186,2025-05-16 12:36:00,True,Negative,Safe to use
6.3,575,3.24,5,977934,2025-05-16 12:36:05,True,Negative,Safe to use
6.89,476,3.37,2,130510,2025-05-16 12:36:10,True,Negative,Safe to use
5.92,903,2.81,12,5190773,2025-05-16 12:36:15,True,Negative,Safe to use
6.89,500,3.48,2,99900,2025-05-16 12:36:20,True,Negative,Safe to use
6.85,531,3.22,2,176142,2025-05-16 12:36:25,True,Negative,Safe to use
6.79,522,3.21,2,91657,2025-05-16 12:36:30,True,Negative,Safe to use
6.8,530,3.2,3,176727,2025-05-16 12:36:35,True,Negative,Safe to use
6.61,511,3.25,1,77602,2025-05-16 12:36:40,True,Negative,Safe to use
6.41,601,3.23,6,549325,2025-05-16 12:36:45,True,Negative,Safe to use
6.77,542,3.33,1,115667,2025-05-16 12:36:50,True,Negative,Safe to use
6.82,548,3.46,3,91992,2025-05-16 12:36:55,True,Negative,Safe to use
6.9,507,3.32,2,76971,2025-05-16 12:37:00,True,Negative,Safe to use
6.34,643,3.13,6,710787,2025-05-16 12:37:05,True,Negative,Safe to use
6.88,484,3.24,3,149028,2025-05-16 12:37:10,True,Negative,Safe to use
6.76,550,3.38,2,141563,2025-05-16 12:37:16,True,Negative,Safe to use
5.55,1104,2.81,28,3874433,2025-05-16 12:37:21,True,Negative,Safe to use
6.61,528,3.28,1,178170,2025-05-16 12:37:26,True,Negative,Safe to use
6.44,698,3.15,3,918632,2025-05-16 12:37:31,True,Negative,Safe to use
6.37,610,3.01,8,852167,2025-05-16 12:37:36,True,Negative,Safe to use
6.62,529,3.31,1,159322,2025-05-16 12:37:41,True,Negative,Safe to use
6.37,583,3.09,4,453353,2025-05-16 12:37:46,True,Negative,Safe to use
6.23,680,3.07,3,825050,2025-05-16 12:37:51,True,Negative,Safe to use
6.25,629,3.28,6,940771,2025-05-16 12:37:56,True,Negative,Safe to use
6.79,504,3.32,3,176795,2025-05-16 12:38:01,True,Negative,Safe to use
6.61,506,3.26,1,59523,2025-05-16 12:38:06,True,Negative,Safe to use
6.32,670,3.3,8,281325,2025-05-16 12:38:11,True,Negative,Safe to use
6.86,485,3.21,3,73225,2025-05-16 12:38:16,True,Negative,Safe to use
6.43,645,3.01,5,476343,2025-05-16 12:38:21,True,Negative,Safe to use
6.74,481,3.36,1,155676,2025-05-16 12:38:26,True,Negative,Safe to use
6.78,469,3.25,1,179363,2025-05-16 12:38:31,True,Negative,Safe to use
6.3,581,3.26,8,361900,2025-05-16 12:38:36,True,Negative,Safe to use
5.93,865,2.61,19,5583603,2025-05-16 12:38:41,True,Negative,Safe to use
6.78,508,3.42,2,139055,2025-05-16 12:38:46,True,Negative,Safe to use
6.73,542,3.21,3,153865,2025-05-16 12:38:51,True,Negative,Safe to use
6.65,542,3.47,1,77417,2025-05-16 12:38:56,True,Negative,Safe to use
6.77,457,3.24,2,171696,2025-05-16 12:39:01,True,Negative,Safe to use
5.9,1059,2.74,12,5536150,2025-05-16 12:39:06,True,Negative,Safe to use
6.62,497,3.39,2,162671,2025-05-16 12:39:11,True,Negative,Safe to use
6.02,705,2.73,19,3946009,2025-05-16 12:39:16,True,Negative,Safe to use
6.67,495,3.25,2,93328,2025-05-16 12:39:21,True,Negative,Safe to use
6.89,452,3.34,1,170604,2025-05-16 12:39:26,True,Negative,Safe to use
5.6,819,2.71,30,3463129,2025-05-16 12:39:31,True,Negative,Safe to use
6.81,506,3.3,1,110817,2025-05-16 12:39:36,True,Negative,Safe to use
6.42,683,3.18,4,595999,2025-05-16 12:39:41,True,Negative,Safe to use
6.47,650,3.27,3,888179,2025-05-16 12:39:46,True,Negative,Safe to use
6.64,540,3.41,3,120483,2025-05-16 12:39:51,True,Negative,Safe to use
6.74,500,3.38,3,62704,2025-05-16 12:39:56,True,Negative,Safe to use
6.83,454,3.44,3,83968,2025-05-16 12:40:01,True,Negative,Safe to use
6.48,669,3.06,3,831450,2025-05-16 12:40:06,True,Negative,Safe to use
6.78,451,3.21,2,58144,2025-05-16 12:40:11,True,Negative,Safe to use
6.43,686,3.15,5,931412,2025-05-16 12:40:16,True,Negative,Safe to use
6.62,527,3.32,1,103372,2025-05-16 12:40:21,True,Negative,Safe to use
6.7,457,3.32,1,73856,2025-05-16 12:40:26,True,Negative,Safe to use
6.73,466,3.44,2,122162,2025-05-16 12:40:31,True,Negative,Safe to use
6.33,551,3.28,6,807872,2025-05-16 12:40:36,True,Negative,Safe to use
6.68,515,3.29,3,116085,2025-05-16 12:40:41,True,Negative,Safe to use
6.64,518,3.25,2,97275,2025-05-16 12:40:46,True,Negative,Safe to use
5.83,818,2.63,28,5404573,2025-05-16 12:40:51,True,Negative,Safe to use
6.33,630,3.21,5,781615,2025-05-16 12:40:56,True,Negative,Safe to use
5.77,1123,2.82,9,4130765,2025-05-16 12:41:01,True,Negative,Safe to use
6.69,494,3.21,3,163453,2025-05-16 12:41:06,True,Negative,Safe to use
5.57,905,2.53,23,5224675,2025-05-16 12:41:11,True,Negative,Safe to use
6.72,515,3.3,1,143174,2025-05-16 12:41:16,True,Negative,Safe to use
6.66,488,3.36,3,152647,2025-05-16 12:41:21,True,Negative,Safe to use
6.05,898,2.84,28,5000381,2025-05-16 12:41:26,True,Negative,Safe to use
6.64,490,3.32,1,59903,2025-05-16 12:41:31,True,Negative,Safe to use
6.83,537,3.44,1,121629,2025-05-16 12:41:36,True,Negative,Safe to use
6.84,501,3.38,2,149241,2025-05-16 12:41:41,True,Negative,Safe to use
6.34,623,3.07,4,559290,2025-05-16 12:41:46,True,Negative,Safe to use
6.7,521,3.45,3,84436,2025-05-16 12:41:51,True,Negative,Safe to use
6.26,567,3.07,6,1124661,2025-05-16 12:41:56,True,Negative,Safe to use
6.8,485,3.31,1,95786,2025-05-16 12:42:01,True,Negative,Safe to use
6.79,513,3.37,3,51964,2025-05-16 12:42:06,True,Negative,Safe to use
6.0,996,2.64,8,1546124,2025-05-16 12:42:11,True,Negative,Safe to use
6.5,554,3.04,7,354333,2025-05-16 12:42:16,True,Negative,Safe to use
6.82,474,3.21,3,159112,2025-05-16 12:42:21,True,Negative,Safe to use
6.46,586,3.21,8,759350,2025-05-16 12:42:26,True,Negative,Safe to use
5.92,1196,2.52,18,4898022,2025-05-16 12:42:31,True,Negative,Safe to use
5.95,1119,2.63,16,4879414,2025-05-16 12:42:36,True,Negative,Safe to use
6.34,605,3.23,7,822098,2025-05-16 12:42:41,True,Negative,Safe to use
6.8,489,3.25,1,111162,2025-05-16 12:42:46,True,Negative,Safe to use
6.71,463,3.49,1,102638,2025-05-16 12:42:51,True,Negative,Safe to use
6.88,531,3.49,2,151397,2025-05-16 12:42:56,True,Negative,Safe to use
6.8,526,3.25,1,174993,2025-05-16 12:43:01,True,Negative,Safe to use
6.4,611,3.23,5,651752,2025-05-16 12:43:06,True,Negative,Safe to use
6.69,489,3.22,3,74886,2025-05-16 12:43:11,True,Negative,Safe to use
6.27,579,3.04,7,701326,2025-05-16 12:43:16,True,Negative,Safe to use
6.46,680,3.19,4,403319,2025-05-16 12:43:21,True,Negative,Safe to use
6.84,484,3.27,3,162481,2025-05-16 12:43:26,True,Negative,Safe to use
5.59,1107,2.84,25,2399033,2025-05-16 12:43:31,True,Negative,Safe to use
6.76,486,3.36,2,148108,2025-05-16 12:43:36,True,Negative,Safe to use
6.68,507,3.34,1,55397,2025-05-16 12:43:41,True,Negative,Safe to use
6.33,619,3.28,3,225686,2025-05-16 12:43:46,True,Negative,Safe to use
6.47,696,3.21,5,1173677,2025-05-16 12:43:51,True,Negative,Safe to use
6.83,485,3.47,2,80332,2025-05-16 12:43:56,True,Negative,Safe to use
6.29,669,3.1,7,482119,2025-05-16 12:44:01,True,Negative,Safe to use
5.97,998,2.89,30,1251628,2025-05-16 12:44:06,True,Negative,Safe to use
6.0,929,2.89,10,5337491,2025-05-16 12:44:11,True,Negative,Safe to use
6.28,619,3.16,6,1004959,2025-05-16 12:44:17,True,Negative,Safe to use
6.21,627,3.3,4,721213,2025-05-16 12:44:22,True,Negative,Safe to use
6.86,478,3.31,3,178002,2025-05-16 12:44:27,True,Negative,Safe to use
6.23,585,3.01,4,823149,2025-05-16 12:44:32,True,Negative,Safe to use
6.7,509,3.34,1,154773,2025-05-16 12:44:37,True,Negative,Safe to use
6.24,609,3.3,4,246575,2025-05-16 12:44:42,True,Negative,Safe to use
6.71,539,3.26,1,96751,2025-05-16 12:44:47,True,Negative,Safe to use
6.6,461,3.22,3,122740,2025-05-16 12:44:52,True,Negative,Safe to use
6.24,571,3.09,4,814612,2025-05-16 12:44:57,True,Negative,Safe to use
5.72,712,2.77,13,5502805,2025-05-16 12:45:02,True,Negative,Safe to use
6.48,670,3.16,3,240181,2025-05-16 12:45:07,True,Negative,Safe to use
6.84,540,3.39,2,79332,2025-05-16 12:45:12,True,Negative,Safe to use
6.69,477,3.22,2,165500,2025-05-16 12:45:17,True,Negative,Safe to use
6.22,686,3.04,5,596583,2025-05-16 12:45:22,True,Negative,Safe to use
6.41,692,3.19,4,778236,2025-05-16 12:45:27,True,Negative,Safe to use
6.82,501,3.44,2,125509,2025-05-16 12:45:32,True,Negative,Safe to use
6.2,586,3.14,6,379436,2025-05-16 12:45:37,True,Negative,Safe to use
5.6,1069,2.52,25,3238582,2025-05-16 12:45:42,True,Negative,Safe to use
6.65,491,3.41,2,83196,2025-05-16 12:45:47,True,Negative,Safe to use
6.23,566,3.1,4,1016251,2025-05-16 12:45:52,True,Negative,Safe to use
6.73,524,3.4,1,106639,2025-05-16 12:45:57,True,Negative,Safe to use
5.68,862,2.94,26,5418830,2025-05-16 12:46:02,True,Negative,Safe to use
6.84,462,3.33,2,60397,2025-05-16 12:46:07,True,Negative,Safe to use
6.87,455,3.31,3,106072,2025-05-16 12:46:12,True,Negative,Safe to use
5.77,788,2.71,10,1858352,2025-05-16 12:46:17,True,Negative,Safe to use
6.86,484,3.33,3,101233,2025-05-16 12:46:22,True,Negative,Safe to use
5.85,930,2.78,13,4952660,2025-05-16 12:46:27,True,Negative,Safe to use
6.21,627,3.14,4,268823,2025-05-16 12:46:32,True,Negative,Safe to use
6.48,551,3.3,7,588643,2025-05-16 12:46:37,True,Negative,Safe to use
6.83,486,3.34,3,120550,2025-05-16 12:46:42,True,Negative,Safe to use
6.67,481,3.46,3,70569,2025-05-16 12:46:47,True,Negative,Safe to use
5.62,797,2.66,13,3568011,2025-05-16 12:46:52,True,Negative,Safe to use
6.08,729,2.76,17,4560851,2025-05-16 12:46:57,True,Negative,Safe to use
6.42,586,3.25,5,437665,2025-05-16 12:47:02,True,Negative,Safe to use
6.87,538,3.45,1,65245,2025-05-16 12:47:07,True,Negative,Safe to use
6.88,538,3.39,1,98598,2025-05-16 12:47:12,True,Negative,Safe to use
6.69,487,3.45,1,67312,2025-05-16 12:47:17,True,Negative,Safe to use
5.84,1146,2.93,19,3251717,2025-05-16 12:47:22,True,Negative,Safe to use
6.64,470,3.34,3,104891,2025-05-16 12:47:27,True,Negative,Safe to use
6.65,505,3.41,1,93592,2025-05-16 12:47:32,True,Negative,Safe to use
6.47,604,3.21,4,976569,2025-05-16 12:47:37,True,Negative,Safe to use
6.89,522,3.41,1,119486,2025-05-16 12:47:42,True,Negative,Safe to use
6.02,840,2.95,30,3411782,2025-05-16 12:47:47,True,Negative,Safe to use
6.74,471,3.49,2,111212,2025-05-16 12:47:52,True,Negative,Safe to use
6.07,867,2.81,24,4526845,2025-05-16 12:47:57,True,Negative,Safe to use
6.28,689,3.15,5,238420,2025-05-16 12:48:02,True,Negative,Safe to use
5.93,915,2.72,13,4271400,2025-05-16 12:48:07,True,Negative,Safe to use
6.78,536,3.34,2,169957,2025-05-16 12:48:12,True,Negative,Safe to use
6.61,458,3.38,2,128312,2025-05-16 12:48:17,True,Negative,Safe to use
6.65,549,3.43,3,90651,2025-05-16 12:48:22,True,Negative,Safe to use
6.68,460,3.39,1,159837,2025-05-16 12:48:27,True,Negative,Safe to use
5.67,801,2.52,11,5230849,2025-05-16 12:48:32,True,Negative,Safe to use
6.79,479,3.4,3,106530,2025-05-16 12:48:37,True,Negative,Safe to use
6.45,564,3.08,6,204872,2025-05-16 12:48:42,True,Negative,Safe to use
5.72,802,2.67,19,3309338,2025-05-16 12:48:47,True,Negative,Safe to use
6.24,627,3.02,3,997235,2025-05-16 12:48:52,True,Negative,Safe to use
5.53,762,2.68,28,3625271,2025-05-16 12:48:57,True,Negative,Safe to use
6.75,493,3.39,1,89071,2025-05-16 12:49:02,True,Negative,Safe to use
6.28,655,3.14,4,666981,2025-05-16 12:49:07,True,Negative,Safe to use
6.84,478,3.22,2,88683,2025-05-16 12:49:12,True,Negative,Safe to use
6.39,597,3.09,5,343517,2025-05-16 12:49:17,True,Negative,Safe to use
6.37,656,3.11,7,1089454,2025-05-16 12:49:22,True,Negative,Safe to use
6.75,486,3.47,2,98599,2025-05-16 12:49:27,True,Negative,Safe to use
5.82,1186,2.56,15,1993789,2025-05-16 12:49:32,True,Negative,Safe to use
6.8,470,3.4,2,120408,2025-05-16 12:49:37,True,Negative,Safe to use
6.84,485,3.27,1,151057,2025-05-16 12:49:42,True,Negative,Safe to use
6.89,464,3.23,2,141545,2025-05-16 12:49:47,True,Negative,Safe to use
6.33,650,3.01,3,225849,2025-05-16 12:49:52,True,Negative,Safe to use
6.8,521,3.41,3,123298,2025-05-16 12:49:57,True,Negative,Safe to use
6.4,585,3.04,4,349953,2025-05-16 12:50:02,True,Negative,Safe to use
5.95,1082,2.63,15,4854545,2025-05-16 12:50:07,True,Negative,Safe to use
6.21,658,3.01,3,508382,2025-05-16 12:50:12,True,Negative,Safe to use
6.32,606,3.16,3,233565,2025-05-16 12:50:17,True,Negative,Safe to use
6.88,452,3.42,3,139945,2025-05-16 12:50:22,True,Negative,Safe to use
6.44,587,3.17,4,719668,2025-05-16 12:50:27,True,Negative,Safe to use
6.32,696,3.13,8,611214,2025-05-16 12:50:32,True,Negative,Safe to use
6.75,523,3.35,3,139208,2025-05-16 12:50:37,True,Negative,Safe to use
6.49,659,3.29,3,672465,2025-05-16 12:50:42,True,Negative,Safe to use
6.3,604,3.06,5,470368,2025-05-16 12:50:47,True,Negative,Safe to use
6.69,532,3.39,3,56283,2025-05-16 12:50:52,True,Negative,Safe to use
6.38,667,3.05,8,311668,2025-05-16 12:50:57,True,Negative,Safe to use
6.28,588,3.12,8,394732,2025-05-16 12:51:02,True,Negative,Safe to use
6.69,548,3.33,2,104543,2025-05-16 12:51:08,True,Negative,Safe to use
6.67,496,3.49,1,98740,2025-05-16 12:51:13,True,Negative,Safe to use
6.06,1025,2.77,18,3130780,2025-05-16 12:51:18,True,Negative,Safe to use
6.21,612,3.24,4,932470,2025-05-16 12:51:23,True,Negative,Safe to use
6.62,491,3.41,2,102059,2025-05-16 12:51:28,True,Negative,Safe to use
6.66,467,3.49,2,116511,2025-05-16 12:51:33,True,Negative,Safe to use
6.39,676,3.23,7,756931,2025-05-16 12:51:38,True,Negative,Safe to use
5.99,841,2.9,27,4833433,2025-05-16 12:51:43,True,Negative,Safe to use
6.76,510,3.25,3,172595,2025-05-16 12:51:48,True,Negative,Safe to use
6.34,648,3.08,8,995754,2025-05-16 12:51:53,True,Negative,Safe to use
6.22,558,3.16,7,331474,2025-05-16 12:51:58,True,Negative,Safe to use
6.31,677,3.02,5,595528,2025-05-16 12:52:03,True,Negative,Safe to use
6.84,530,3.28,1,141173,2025-05-16 12:52:08,True,Negative,Safe to use
5.67,1074,2.84,8,5892331,2025-05-16 12:52:13,True,Negative,Safe to use
6.86,511,3.49,2,176235,2025-05-16 12:52:18,True,Negative,Safe to use
6.68,493,3.42,2,173515,2025-05-16 12:52:23,True,Negative,Safe to use
6.73,511,3.22,1,72430,2025-05-16 12:52:28,True,Negative,Safe to use
6.34,636,3.03,4,425638,2025-05-16 12:52:33,True,Negative,Safe to use
5.64,1017,2.68,30,3868965,2025-05-16 12:52:38,True,Negative,Safe to use
6.89,515,3.4,1,153190,2025-05-16 12:52:43,True,Negative,Safe to use
6.3,600,3.11,7,763877,2025-05-16 12:52:48,True,Negative,Safe to use
6.65,526,3.35,3,75485,2025-05-16 12:52:53,True,Negative,Safe to use
6.42,599,3.26,3,355853,2025-05-16 12:52:58,True,Negative,Safe to use
6.06,1038,2.5,15,2570652,2025-05-16 12:53:03,True,Negative,Safe to use
6.71,492,3.42,3,86365,2025-05-16 12:53:08,True,Negative,Safe to use
6.81,546,3.38,2,116278,2025-05-16 12:53:13,True,Negative,Safe to use
6.24,566,3.16,8,277921,2025-05-16 12:53:18,True,Negative,Safe to use
6.76,513,3.47,1,142365,2025-05-16 12:53:23,True,Negative,Safe to use
6.85,482,3.48,3,175629,2025-05-16 12:53:28,True,Negative,Safe to use
6.9,459,3.48,1,99516,2025-05-16 12:53:33,True,Negative,Safe to use
6.88,451,3.21,2,76401,2025-05-16 12:53:38,True,Negative,Safe to use
6.7,541,3.5,1,89698,2025-05-16 12:53:43,True,Negative,Safe to use
6.82,460,3.37,2,149415,2025-05-16 12:53:48,True,Negative,Safe to use
6.61,499,3.2,3,147846,2025-05-16 12:53:53,True,Negative,Safe to use
6.88,527,3.3,1,59828,2025-05-16 12:53:58,True,Negative,Safe to use
6.77,540,3.43,3,50469,2025-05-16 12:54:03,True,Negative,Safe to use
5.82,1010,2.53,19,4226472,2025-05-16 12:54:08,True,Negative,Safe to use
6.84,511,3.31,2,103982,2025-05-16 12:54:13,True,Negative,Safe to use
6.27,658,3.22,3,752939,2025-05-16 12:54:18,True,Negative,Safe to use
6.63,512,3.36,3,161503,2025-05-16 12:54:23,True,Negative,Safe to use
6.82,506,3.27,2,96730,2025-05-16 12:54:28,True,Negative,Safe to use
5.98,1146,2.75,25,3214747,2025-05-16 12:54:33,True,Negative,Safe to use
6.45,641,3.23,3,541867,2025-05-16 12:54:38,True,Negative,Safe to use
5.73,759,2.67,29,3995921,2025-05-16 12:54:43,True,Negative,Safe to use
6.86,544,3.4,3,101916,2025-05-16 12:54:48,True,Negative,Safe to use
6.28,616,3.16,7,235240,2025-05-16 12:54:53,True,Negative,Safe to use
6.21,560,3.14,6,316990,2025-05-16 12:54:58,True,Negative,Safe to use
5.52,919,2.57,30,1694489,2025-05-16 12:55:03,True,Negative,Safe to use
6.63,528,3.25,2,165286,2025-05-16 12:55:08,True,Negative,Safe to use
6.75,531,3.31,3,167446,2025-05-16 12:55:13,True,Negative,Safe to use
6.88,454,3.33,1,168188,2025-05-16 12:55:18,True,Negative,Safe to use
6.87,539,3.44,1,178615,2025-05-16 12:55:23,True,Negative,Safe to use
6.29,633,3.1,3,769792,2025-05-16 12:55:28,True,Negative,Safe to use
6.81,537,3.28,1,102603,2025-05-16 12:55:33,True,Negative,Safe to use
6.83,540,3.33,3,138382,2025-05-16 12:55:38,True,Negative,Safe to use
5.71,1042,2.67,8,3589825,2025-05-16 12:55:43,True,Negative,Safe to use
6.67,467,3.33,2,173614,2025-05-16 12:55:48,True,Negative,Safe to use
6.78,516,3.29,2,111473,2025-05-16 12:55:53,True,Negative,Safe to use
6.71,526,3.2,2,156350,2025-05-16 12:55:58,True,Negative,Safe to use
5.52,1066,2.88,19,4358288,2025-05-16 12:56:03,True,Negative,Safe to use
6.32,656,3.05,4,1066989,2025-05-16 12:56:08,True,Negative,Safe to use
6.71,522,3.41,3,67655,2025-05-16 12:56:13,True,Negative,Safe to use
6.73,471,3.43,3,52205,2025-05-16 12:56:18,True,Negative,Safe to use
6.9,523,3.46,2,50335,2025-05-16 12:56:23,True,Negative,Safe to use
6.24,573,3.21,4,1090093,2025-05-16 12:56:28,True,Negative,Safe to use
6.76,529,3.33,2,139130,2025-05-16 12:56:33,True,Negative,Safe to use
6.42,603,3.26,8,1054794,2025-05-16 12:56:38,True,Negative,Safe to use
6.64,487,3.31,2,73557,2025-05-16 12:56:43,True,Negative,Safe to use
6.69,474,3.37,1,163182,2025-05-16 12:56:48,True,Negative,Safe to use
6.14,690,2.98,4,364428,2025-05-23 14:04:29,True,Negative,Safe to use
6.26,525,2.95,6,381874,2025-05-23 14:04:34,True,Negative,Safe to use
6.01,572,3.14,10,984987,2025-05-23 14:04:39,True,Negative,Safe to use
6.44,485,2.93,5,419090,2025-05-23 14:04:44,True,Negative,Safe to use
6.4,564,3.11,7,1019885,2025-05-23 14:07:48,True,Negative,Safe to use
5.82,736,2.64,18,3009767,2025-05-23 14:07:53,True,Negative,Safe to use
6.82,559,3.63,2,139601,2025-05-23 14:07:58,True,Negative,Safe to use
6.2,698,3.03,11,727854,2025-05-23 14:08:03,True,Negative,Safe to use
5.78,983,2.96,16,3598592,2025-05-23 14:08:08,True,Negative,Safe to use
6.61,414,3.44,1,136511,2025-05-23 14:08:13,True,Negative,Safe to use
6.72,565,3.28,1,87480,2025-05-23 14:08:18,True,Negative,Safe to use
5.91,1033,2.79,12,2565062,2025-05-23 14:08:23,True,Negative,Safe to use
6.9,463,3.24,1,117166,2025-05-23 14:08:28,True,Negative,Safe to use
6.59,537,2.93,4,338509,2025-05-23 14:08:33,True,Negative,Safe to use
6.63,705,2.82,5,245166,2025-05-23 14:08:38,True,Negative,Safe to use
5.87,838,2.82,8,692688,2025-05-23 14:08:43,True,Negative,Safe to use
6.78,408,3.12,2,114436,2025-05-23 14:08:48,True,Negative,Safe to use
5.6,1142,2.63,21,4529387,2025-05-23 14:08:53,True,Negative,Safe to use
6.95,501,2.97,2,105872,2025-05-23 14:08:58,True,Negative,Safe to use
6.03,838,2.62,10,759393,2025-05-23 14:09:03,True,Negative,Safe to use
6.29,779,3.18,7,902091,2025-05-23 14:09:08,True,Negative,Safe to use
6.77,541,3.28,1,147638,2025-05-23 14:09:13,True,Negative,Safe to use
6.33,589,2.99,8,851854,2025-05-23 14:09:18,True,Negative,Safe to use
6.62,497,3.26,5,192904,2025-05-23 14:09:23,True,Negative,Safe to use
6.58,529,3.38,1,161352,2025-05-23 14:09:28,True,Negative,Safe to use
6.64,594,2.99,2,122827,2025-05-23 14:09:33,True,Negative,Safe to use
6.15,573,2.93,7,841239,2025-05-23 14:09:38,True,Negative,Safe to use
6.19,660,3.1,10,862550,2025-05-23 14:09:43,True,Negative,Safe to use
5.99,1077,2.74,14,2790064,2025-05-23 14:09:48,True,Negative,Safe to use
6.67,541,3.24,4,229502,2025-05-23 14:09:53,True,Negative,Safe to use
6.82,478,3.18,1,77736,2025-05-23 14:09:58,True,Negative,Safe to use
5.74,768,2.76,15,2040330,2025-05-23 14:10:58,True,Negative,Safe to use
6.57,526,2.95,4,362175,2025-05-23 14:11:03,True,Negative,Safe to use
6.2,591,2.91,3,384558,2025-05-23 14:11:08,True,Negative,Safe to use
6.52,653,3.34,6,241091,2025-05-23 14:11:13,True,Negative,Safe to use
6.85,417,3.34,2,158635,2025-05-23 14:11:18,True,Negative,Safe to use
6.53,654,3.4,3,406395,2025-05-23 14:11:23,True,Negative,Safe to use
6.11,528,3.28,3,269821,2025-05-23 14:11:28,True,Negative,Safe to use
6.99,456,3.47,1,85839,2025-05-23 14:11:33,True,Negative,Safe to use
6.98,592,3.37,1,155885,2025-05-23 14:11:38,True,Negative,Safe to use
6.23,574,2.97,9,989524,2025-05-23 14:11:43,True,Negative,Safe to use
6.68,696,2.88,5,356010,2025-05-23 14:11:48,True,Negative,Safe to use
6.03,614,2.89,9,575241,2025-05-23 14:11:53,True,Negative,Safe to use
5.47,914,2.56,27,9252391,2025-05-23 14:11:58,True,Negative,Safe to use
6.4,460,3.49,1,108335,2025-05-23 14:12:03,True,Negative,Safe to use
6.72,472,3.29,1,116305,2025-05-23 14:12:08,True,Negative,Safe to use
6.27,674,3.02,3,250074,2025-05-23 14:12:13,True,Negative,Safe to use
6.87,576,3.09,1,81787,2025-05-23 14:12:18,True,Negative,Safe to use
6.18,562,2.87,9,749219,2025-05-23 14:12:23,True,Negative,Safe to use
5.92,661,2.97,7,1028569,2025-05-23 14:12:28,True,Negative,Safe to use
5.87,749,3.16,8,673305,2025-05-23 14:12:33,True,Negative,Safe to use
6.7,510,3.04,4,217504,2025-05-23 14:12:38,True,Negative,Safe to use
6.52,545,3.1,2,109098,2025-05-23 14:12:43,True,Negative,Safe to use
6.96,471,3.15,2,136680,2025-05-23 14:12:48,True,Negative,Safe to use
6.56,466,3.31,1,99446,2025-05-23 14:12:53,True,Negative,Safe to use
5.89,771,2.45,15,2626324,2025-05-23 14:12:58,True,Negative,Safe to use
5.55,776,2.64,15,3733451,2025-05-23 14:13:03,True,Negative,Safe to use
6.05,759,2.9,11,934240,2025-05-23 14:13:08,True,Negative,Safe to use
6.41,476,3.43,2,82154,2025-05-23 14:13:13,True,Negative,Safe to use
6.57,506,3.12,2,137052,2025-05-23 14:13:18,True,Negative,Safe to use
6.2,755,2.87,6,1085510,2025-05-23 14:13:23,True,Negative,Safe to use
6.25,610,2.8,8,522646,2025-05-23 14:13:28,True,Negative,Safe to use
5.93,629,2.73,10,1061721,2025-05-23 14:13:33,True,Negative,Safe to use
6.14,689,2.74,10,920605,2025-05-23 14:13:38,True,Negative,Safe to use
5.51,963,2.63,27,5655492,2025-05-23 14:13:43,True,Negative,Safe to use
6.89,561,3.61,1,151546,2025-05-23 14:13:48,True,Negative,Safe to use
6.8,510,3.14,1,96068,2025-05-23 14:13:53,True,Negative,Safe to use
6.31,611,2.66,7,719332,2025-05-23 14:13:58,True,Negative,Safe to use
5.51,1100,2.27,29,6652161,2025-05-23 14:14:04,True,Negative,Safe to use
6.07,732,2.85,8,1085512,2025-05-23 14:14:09,True,Negative,Safe to use
6.06,857,2.95,17,2108149,2025-05-23 14:14:14,True,Negative,Safe to use
6.58,430,3.18,1,93058,2025-05-23 14:14:19,True,Negative,Safe to use
6.33,804,2.65,7,806126,2025-05-23 14:14:24,True,Negative,Safe to use
6.61,643,2.79,4,222755,2025-05-23 14:14:29,True,Negative,Safe to use
6.61,420,3.33,1,114405,2025-05-23 14:14:34,True,Negative,Safe to use
6.28,680,3.18,7,1015234,2025-05-23 14:14:39,True,Negative,Safe to use
6.53,595,3.36,5,292030,2025-05-23 14:14:44,True,Negative,Safe to use
5.75,993,2.5,14,3703019,2025-05-23 14:14:49,True,Negative,Safe to use
6.57,554,3.15,2,128521,2025-05-23 14:14:54,True,Negative,Safe to use
5.86,655,3.18,10,785077,2025-05-23 14:14:59,True,Negative,Safe to use
6.69,468,3.08,2,127591,2025-05-23 14:15:04,True,Negative,Safe to use
6.67,618,3.32,4,339504,2025-05-23 14:15:09,True,Negative,Safe to use
6.51,582,3.37,4,307606,2025-05-23 14:15:14,True,Negative,Safe to use
6.32,648,3.14,6,358956,2025-05-23 14:15:19,True,Negative,Safe to use
6.36,481,3.3,3,413827,2025-05-23 14:15:24,True,Negative,Safe to use
6.49,477,3.54,2,140393,2025-05-23 14:15:29,True,Negative,Safe to use
5.58,1149,2.42,27,7664546,2025-05-23 14:15:34,True,Negative,Safe to use
6.18,831,2.74,7,734261,2025-05-23 14:15:39,True,Negative,Safe to use
6.1,653,3.15,9,1098374,2025-05-23 14:15:44,True,Negative,Safe to use
6.11,713,3.25,3,354345,2025-05-23 14:15:49,True,Negative,Safe to use
6.89,439,3.44,1,78904,2025-05-23 14:15:54,True,Negative,Safe to use
6.73,478,3.14,2,137512,2025-05-23 14:15:59,True,Negative,Safe to use
6.53,469,3.1,2,79961,2025-05-23 14:16:04,True,Negative,Safe to use
6.55,450,3.4,1,147454,2025-05-23 14:16:09,True,Negative,Safe to use
6.61,426,3.22,2,159140,2025-05-23 14:16:14,True,Negative,Safe to use
5.89,602,2.93,10,1071448,2025-05-23 14:16:19,True,Negative,Safe to use
6.11,626,2.7,10,773886,2025-05-23 14:16:24,True,Negative,Safe to use
6.25,655,3.31,4,190215,2025-05-23 14:16:29,True,Negative,Safe to use
5.83,960,2.78,10,4125945,2025-05-23 14:16:34,True,Negative,Safe to use
6.53,650,3.38,6,399994,2025-05-23 14:16:39,True,Negative,Safe to use
5.9,772,3.13,10,1062949,2025-05-23 14:16:44,True,Negative,Safe to use
5.77,1047,2.39,19,8400642,2025-05-23 14:16:49,True,Negative,Safe to use
6.17,538,2.98,4,356550,2025-05-23 14:16:54,True,Negative,Safe to use
6.81,559,3.6,2,97280,2025-05-23 14:16:59,True,Negative,Safe to use
5.96,1060,2.92,13,2619733,2025-05-23 14:17:04,True,Negative,Safe to use
6.35,764,2.92,9,817157,2025-05-23 14:17:09,True,Negative,Safe to use
6.69,511,2.87,4,199598,2025-05-23 14:17:14,True,Negative,Safe to use
6.85,452,3.48,1,99594,2025-05-23 14:17:19,True,Negative,Safe to use
6.76,563,3.02,1,146426,2025-05-23 14:17:24,True,Negative,Safe to use
6.49,503,2.93,4,307742,2025-05-23 14:17:29,True,Negative,Safe to use
6.75,537,3.52,2,162779,2025-05-23 14:17:34,True,Negative,Safe to use
5.72,852,2.81,10,3096941,2025-05-23 14:17:39,True,Negative,Safe to use
5.88,1077,2.84,12,2046594,2025-05-23 14:17:44,True,Negative,Safe to use
6.64,571,3.43,1,73437,2025-05-23 14:17:49,True,Negative,Safe to use
6.44,570,3.39,2,164919,2025-05-23 14:17:54,True,Negative,Safe to use
5.97,877,2.48,18,2900723,2025-05-23 14:17:59,True,Negative,Safe to use
5.82,1067,2.79,14,2894634,2025-05-23 14:18:04,True,Negative,Safe to use
6.57,556,3.34,2,127526,2025-05-23 14:18:09,True,Negative,Safe to use
5.92,975,2.47,10,2326505,2025-05-23 14:18:14,True,Negative,Safe to use
6.12,702,2.63,11,1103479,2025-05-23 14:18:19,True,Negative,Safe to use
6.42,601,2.9,4,275605,2025-05-23 14:18:24,True,Negative,Safe to use
6.51,646,3.29,5,401353,2025-05-23 14:18:29,True,Negative,Safe to use
6.68,498,3.17,2,101784,2025-05-23 14:18:34,True,Negative,Safe to use
6.46,580,3.02,1,138721,2025-05-23 14:18:39,True,Negative,Safe to use
5.58,1074,2.66,17,2333094,2025-05-23 14:18:44,True,Negative,Safe to use
6.58,564,3.45,1,73390,2025-05-23 14:18:49,True,Negative,Safe to use
6.16,606,3.24,4,265027,2025-05-23 14:18:54,True,Negative,Safe to use
6.07,725,2.65,11,3012411,2025-05-23 14:18:59,True,Negative,Safe to use
6.69,534,3.17,1,137550,2025-05-23 14:19:04,True,Negative,Safe to use
5.95,803,3.0,7,530997,2025-05-23 14:19:09,True,Negative,Safe to use
6.16,837,2.86,10,1054987,2025-05-23 14:19:14,True,Negative,Safe to use
6.37,640,2.89,11,837254,2025-05-23 14:19:19,True,Negative,Safe to use
6.11,705,3.08,10,950449,2025-05-23 14:19:24,True,Negative,Safe to use
6.48,524,3.05,6,247279,2025-05-23 14:19:29,True,Negative,Safe to use
6.7,522,3.27,1,166127,2025-05-23 14:19:34,True,Negative,Safe to use
6.2,628,2.75,9,553581,2025-05-23 14:19:39,True,Negative,Safe to use
6.48,543,3.54,1,130528,2025-05-23 14:19:44,True,Negative,Safe to use
6.11,622,2.91,9,687181,2025-05-23 14:19:49,True,Negative,Safe to use
6.47,433,3.36,2,79062,2025-05-23 14:19:54,True,Negative,Safe to use
5.97,896,2.52,13,3441105,2025-05-23 14:20:00,True,Negative,Safe to use
6.29,685,2.63,10,624348,2025-05-23 14:20:05,True,Negative,Safe to use
6.51,549,3.4,2,98830,2025-05-23 14:20:10,True,Negative,Safe to use
6.22,590,2.74,7,1090046,2025-05-23 14:20:15,True,Negative,Safe to use
6.96,447,3.43,1,96883,2025-05-23 14:20:20,True,Negative,Safe to use
6.77,465,3.08,1,161729,2025-05-23 14:20:25,True,Negative,Safe to use
6.23,566,2.89,6,404165,2025-05-23 14:20:30,True,Negative,Safe to use
6.72,522,3.46,1,138544,2025-05-23 14:20:35,True,Negative,Safe to use
6.78,424,3.1,2,107499,2025-05-23 14:20:40,True,Negative,Safe to use
6.81,499,2.97,1,126600,2025-05-23 14:20:45,True,Negative,Safe to use
6.81,467,3.05,1,103171,2025-05-23 14:20:50,True,Negative,Safe to use
6.54,499,3.18,2,140333,2025-05-23 14:20:55,True,Negative,Safe to use
6.4,488,3.0,4,291739,2025-05-23 14:21:00,True,Negative,Safe to use
